{"bbox_swne": [40.038513, -104.951686, 40.046366, -104.944418], "nx": 16, "ny": 22, "spacing_m": 40.0, "margin_m": 150.0, "row0": "north"}