{"bbox_swne": [39.106125, -108.496088, 39.110753, -108.489766], "nx": 14, "ny": 13, "spacing_m": 40.0, "margin_m": 150.0, "row0": "north"}