{"bbox_swne": [38.296783, -104.681066, 38.30842, -104.67127], "nx": 22, "ny": 33, "spacing_m": 40.0, "margin_m": 150.0, "row0": "north"}