{"bbox_swne": [39.688492, -104.913648, 39.692757, -104.908264], "nx": 12, "ny": 12, "spacing_m": 40.0, "margin_m": 150.0, "row0": "north"}