{"bbox_swne": [38.587754, -104.680918, 38.595425, -104.671968], "nx": 20, "ny": 22, "spacing_m": 40.0, "margin_m": 150.0, "row0": "north"}