{"bbox_swne": [39.853562, -104.798647, 39.859999, -104.783072], "nx": 34, "ny": 18, "spacing_m": 40.0, "margin_m": 150.0, "row0": "north"}