{"bbox_swne": [39.662316, -104.775018, 39.676397, -104.763714], "nx": 25, "ny": 40, "spacing_m": 40.0, "margin_m": 150.0, "row0": "north"}