{"bbox_swne": [39.69431, -105.255058, 39.750762, -105.18713], "nx": 145, "ny": 157, "spacing_m": 40.0, "margin_m": 150.0, "row0": "north"}