{"bbox_swne": [39.261453, -106.884067, 39.268944, -106.877258], "nx": 15, "ny": 21, "spacing_m": 40.0, "margin_m": 150.0, "row0": "north"}