{"bbox_swne": [39.756267, -105.053551, 39.763621, -105.045884], "nx": 17, "ny": 21, "spacing_m": 40.0, "margin_m": 150.0, "row0": "north"}