{"bbox_swne": [39.685893, -104.913938, 39.693496, -104.906157], "nx": 17, "ny": 22, "spacing_m": 40.0, "margin_m": 150.0, "row0": "north"}