{"bbox_swne": [38.587754, -104.680909, 38.595817, -104.671969], "nx": 20, "ny": 23, "spacing_m": 40.0, "margin_m": 150.0, "row0": "north"}