{"bbox_swne": [39.777289, -104.942189, 39.798831, -104.900084], "nx": 90, "ny": 60, "spacing_m": 40.0, "margin_m": 150.0, "row0": "north"}